{
    "name": "Production_Data",
    "properties": {
        "activities": [
            {
                "name": "Lookup1",
                "type": "Lookup",
                "dependsOn": [],
                "policy": {
                    "timeout": "0.12:00:00",
                    "retry": 0,
                    "retryIntervalInSeconds": 30,
                    "secureOutput": false,
                    "secureInput": false
                },
                "userProperties": [],
                "typeProperties": {
                    "source": {
                        "type": "SqlServerSource",
                        "sqlReaderQuery": "Select s.name as SchemaName, t.name as TableName from sys.tables t\ninner join sys.schemas s\non t.schema_id = s.schema_id\nwhere s.name in ('Production','Sales')\norder by SchemaName; ",
                        "queryTimeout": "02:00:00",
                        "partitionOption": "None"
                    },
                    "dataset": {
                        "referenceName": "SqlServerTable2",
                        "type": "DatasetReference"
                    },
                    "firstRowOnly": false
                }
            },
            {
                "name": "ForEachSchemaTable",
                "type": "ForEach",
                "dependsOn": [
                    {
                        "activity": "Lookup1",
                        "dependencyConditions": [
                            "Succeeded"
                        ]
                    }
                ],
                "userProperties": [],
                "typeProperties": {
                    "items": {
                        "value": "@activity('Lookup1').output.value",
                        "type": "Expression"
                    },
                    "activities": [
                        {
                            "name": "foreachCopy",
                            "type": "Copy",
                            "dependsOn": [],
                            "policy": {
                                "timeout": "0.12:00:00",
                                "retry": 0,
                                "retryIntervalInSeconds": 30,
                                "secureOutput": false,
                                "secureInput": false
                            },
                            "userProperties": [],
                            "typeProperties": {
                                "source": {
                                    "type": "SqlServerSource",
                                    "sqlReaderQuery": {
                                        "value": "@{concat('Select * from ' ,item().schemaname,'.',item().tablename)}",
                                        "type": "Expression"
                                    },
                                    "queryTimeout": "02:00:00",
                                    "partitionOption": "None"
                                },
                                "sink": {
                                    "type": "DelimitedTextSink",
                                    "storeSettings": {
                                        "type": "AzureBlobStorageWriteSettings"
                                    },
                                    "formatSettings": {
                                        "type": "DelimitedTextWriteSettings",
                                        "quoteAllText": true,
                                        "fileExtension": ".txt"
                                    }
                                },
                                "enableStaging": false,
                                "translator": {
                                    "type": "TabularTranslator",
                                    "typeConversion": true,
                                    "typeConversionSettings": {
                                        "allowDataTruncation": true,
                                        "treatBooleanAsNumber": false
                                    }
                                }
                            },
                            "inputs": [
                                {
                                    "referenceName": "SqlServerTable3",
                                    "type": "DatasetReference"
                                }
                            ],
                            "outputs": [
                                {
                                    "referenceName": "DelimitedText2_copy",
                                    "type": "DatasetReference",
                                    "parameters": {
                                        "Schema_Name": {
                                            "value": "@item().schemaname",
                                            "type": "Expression"
                                        },
                                        "Table_Name": {
                                            "value": "@item().tablename",
                                            "type": "Expression"
                                        }
                                    }
                                }
                            ]
                        }
                    ]
                }
            },
            {
                "name": "Copy data1",
                "type": "Copy",
                "dependsOn": [
                    {
                        "activity": "ForEachSchemaTable",
                        "dependencyConditions": [
                            "Succeeded"
                        ]
                    }
                ],
                "policy": {
                    "timeout": "0.12:00:00",
                    "retry": 0,
                    "retryIntervalInSeconds": 30,
                    "secureOutput": false,
                    "secureInput": false
                },
                "userProperties": [],
                "typeProperties": {
                    "source": {
                        "type": "DelimitedTextSource",
                        "storeSettings": {
                            "type": "AzureBlobStorageReadSettings",
                            "recursive": true,
                            "wildcardFileName": "*",
                            "enablePartitionDiscovery": false
                        },
                        "formatSettings": {
                            "type": "DelimitedTextReadSettings"
                        }
                    },
                    "sink": {
                        "type": "DelimitedTextSink",
                        "storeSettings": {
                            "type": "AzureBlobStorageWriteSettings"
                        },
                        "formatSettings": {
                            "type": "DelimitedTextWriteSettings",
                            "quoteAllText": true,
                            "fileExtension": ".txt"
                        }
                    },
                    "enableStaging": false,
                    "translator": {
                        "type": "TabularTranslator",
                        "typeConversion": true,
                        "typeConversionSettings": {
                            "allowDataTruncation": true,
                            "treatBooleanAsNumber": false
                        }
                    }
                },
                "inputs": [
                    {
                        "referenceName": "DelimitedText4",
                        "type": "DatasetReference"
                    }
                ],
                "outputs": [
                    {
                        "referenceName": "DelimitedText5",
                        "type": "DatasetReference"
                    }
                ]
            },
            {
                "name": "DB_Bronze_Diamond",
                "type": "DatabricksNotebook",
                "dependsOn": [
                    {
                        "activity": "Copy data1",
                        "dependencyConditions": [
                            "Succeeded"
                        ]
                    }
                ],
                "policy": {
                    "timeout": "0.12:00:00",
                    "retry": 0,
                    "retryIntervalInSeconds": 30,
                    "secureOutput": false,
                    "secureInput": false
                },
                "userProperties": [],
                "typeProperties": {
                    "notebookPath": "/Shared/BikeShop_Databricks"
                },
                "linkedServiceName": {
                    "referenceName": "AzureDatabricks1",
                    "type": "LinkedServiceReference"
                }
            },
            {
                "name": "Blob_to_Synape",
                "type": "DatabricksNotebook",
                "dependsOn": [
                    {
                        "activity": "DB_Bronze_Diamond",
                        "dependencyConditions": [
                            "Succeeded"
                        ]
                    }
                ],
                "policy": {
                    "timeout": "0.12:00:00",
                    "retry": 0,
                    "retryIntervalInSeconds": 30,
                    "secureOutput": false,
                    "secureInput": false
                },
                "userProperties": [],
                "typeProperties": {
                    "notebookPath": "/Shared/Blob_to_synapse"
                },
                "linkedServiceName": {
                    "referenceName": "AzureDatabricks1",
                    "type": "LinkedServiceReference"
                }
            }
        ],
        "annotations": [],
        "lastPublishTime": "2024-08-17T19:19:10Z"
    },
    "type": "Microsoft.DataFactory/factories/pipelines"
}