{
    "now": "2024-08-18T14:21:05.210Z",
    "perfNow": 18989.69999998808,
    "diagnosticCorrelation": "82b5bc94-a7fc-4a83-8529-835f04dd89b2",
    "source": "DownloadSupportFiles",
    "environment": {
        "productName": "a365",
        "buildVersion": "24.0729.06",
        "environmentType": 9,
        "resourceName": "bikeshopsynapseaz",
        "resourceRegion": "southindia",
        "resourceGroup": "Bike_Store_Resorce",
        "subscriptionId": "dd18ce57-c8f5-4b4b-9d56-a1014ec3f8f6",
        "sessionId": "SBVsO9cCqyW7MQQccJW8E8",
        "operationId": "lmLv_",
        "gitType": "live",
        "loggingKey": "6f1abea0-4b00-41ef-95be-016d654cd00f"
    },
    "additionalInfo": {
        "selectedResource": "Databricks_to_synapse",
        "selectedResourceType": "pipeline"
    }
}