{
    "now": "2024-08-18T14:19:29.493Z",
    "perfNow": 18767.39999999106,
    "diagnosticCorrelation": "6042f49c-0c5a-4fae-b710-c88d3651b01c",
    "source": "DownloadSupportFiles",
    "environment": {
        "productName": "adf",
        "buildVersion": "1.0.080224.3",
        "environmentType": 3,
        "resourceName": "BikeStore-DataFactory",
        "resourceRegion": "southindia",
        "resourceGroup": "Bike_Store_Resorce",
        "subscriptionId": "dd18ce57-c8f5-4b4b-9d56-a1014ec3f8f6",
        "sessionId": "VZ9NCGj3zxBwS7Jup76S8s",
        "operationId": "",
        "gitType": "live",
        "loggingKey": "c85093aa-fa35-41de-996d-ccdef8d60d41"
    },
    "additionalInfo": {
        "selectedResource": "Production_Data",
        "selectedResourceType": "pipeline"
    }
}