{
    "name": "DelimitedText2_copy",
    "properties": {
        "linkedServiceName": {
            "referenceName": "AzureBlobStorage1",
            "type": "LinkedServiceReference"
        },
        "parameters": {
            "Schema_Name": {
                "type": "string"
            },
            "Table_Name": {
                "type": "string"
            }
        },
        "annotations": [],
        "type": "DelimitedText",
        "typeProperties": {
            "location": {
                "type": "AzureBlobStorageLocation",
                "fileName": {
                    "value": "@{concat(dataset().Table_Name,'.txt')}",
                    "type": "Expression"
                },
                "folderPath": {
                    "value": "@{concat(dataset().Schema_Name, '/' ,dataset().Table_Name)}",
                    "type": "Expression"
                },
                "container": "bronze"
            },
            "columnDelimiter": ",",
            "escapeChar": "\\",
            "firstRowAsHeader": true,
            "quoteChar": "\""
        },
        "schema": []
    },
    "type": "Microsoft.DataFactory/factories/datasets"
}